fosand27,57301175-2a2b-3d08-af1c-40024cea88bf
aezeq,003b1dce-ebf3-31bb-90df-aab64615b2ca
nawibb,2f50eae8-45ec-348f-b1d7-348bd211f45c
chavezgabo11,4b790f6f-2053-36b2-8759-792585d205bb
gusgus,08b6d8f9-ed05-3301-8647-07a5c47c4282
0jd0,1aff1993-7a22-39b1-a0d9-85f36a25f292
uwu,a913a3d3-dfca-3824-8dce-d97beb0d1c8d
yimhacker,cc48f605-ec1e-3482-ad7a-dffb51e4ff4f
andrea,9204e1c3-2b8d-3d22-b953-0411e5a3c255
pupusa89,fb308427-6df0-3528-aae2-c01d223ce497
thesupahchanclet,076f7005-f177-3818-a8a8-0ba36c014bd5
vilanova,ad2c7b63-95bc-3dd0-ad68-fbf885d2f5e6
srgiox,b9253ac6-efae-3d56-b511-229a015d5964
jessus,17ce8a3d-7e8b-3cbf-8c97-9f3ef964a7ef
bhuezo,5d029a7d-42b2-315a-8933-a3e3b335baad
gabyurru,ba4c394b-7040-349d-839b-b8b8fac1d4b6
test,530fa97a-357f-3c19-94d3-0c5c65c18fe8
chavezgbao11,09a7aef0-ca0a-3361-844e-17c0e88de7c1
tax,d058b140-bb37-3366-9c6b-6384956ee08b
gaburru,e1755cc2-7a61-37cf-8801-c05f7c880add
commietaco,6914d832-482f-3b4e-85ec-052287e70452
fede,fffa40dd-dee0-3ac0-9906-0acd5ad53b78
fernandorg64,eecf5ea3-b1cb-336e-acf5-ee8297e939b2
figuesaurio,17fc7ced-4bad-3bc1-b40f-864dc2e915a6
jrfg,ffec81c5-793a-357f-b754-b333b754cd98
tumamahdd,e6aa9081-a594-31cc-abb5-178b9fd9a14e
paoloxperla,3daa9cbc-4d3c-3c82-a220-fd34b80bda7b
stevenbdf2019,26320b26-00cb-3bfa-b141-d35a16764419
mr_roko,5a40b308-27d5-33a6-b2b1-d91b01e51d12
stevenbdfop,d7d1671b-f72e-3034-921b-e08e548cdd00
prz_jonathan,f6c64e22-897f-3cc3-a6a9-847f8ac8d835
jhansi,aa770413-49e6-307b-803d-7607ed999961
noonespecial,eac3491a-a6ba-3f28-93fd-4b83681fe7fd
beto,81863ea7-f48f-3b4b-97fe-a20aa8efd33e
chavezgabo,987e0682-e0a1-38a5-be32-1cf036b4d8e5
juanito095,5ed279ad-71ab-31f2-82a7-2e5e47405353
poo,d0bed713-34ee-3178-bd39-8b732e089828
axlsiuu_67,876e4e1a-60a7-329d-b0c0-a2ef46000c57
cloud808,af6d5f28-8730-35b4-bccf-78a824920dec
kriz3000,dcbd8688-a96e-3bb4-a961-b3d1e202b7f9
erickovsky,7f6548c7-5c82-3552-9509-e29d5cb25932
pacheco,1142fc09-b3cc-32fd-84fd-8c59f8d15777
fuiver,379d957a-469f-3702-b6cf-0fef6add412f
mar,7c237e95-4842-38a1-8824-5a99ccf197de
dargorcm,da8c42b0-0509-3e01-8939-6f39abaadc6d
nelsoncr,169a27d9-e605-30ad-ad3a-03ca1bd04035
andrecandray,3771aecf-1bbe-3a89-86c1-71cab008cf1e
miguelgr,d0bfce15-14eb-38a3-a287-29f2a0119c25
qwert,0b7aa9c8-e6e9-3bab-9874-c2cc769c13f5
atolchuco,9c33e2d9-2a8b-3ee1-bfdf-9800536f92ec
valle,efb65233-b185-3c89-a358-390050309a92
r1ckar_24,177cef17-74ba-3318-aed7-44aeb4155aa6
elianfran,31ef5340-0b61-3e1c-93f0-77870f338306
elviolaburras,bb3d21d0-879a-38cd-8223-db2277e9abc4
oampeishon,16fe1f40-04c7-304e-8a5e-c9c2120d5e98
god,ff9db988-fa98-3a68-bad5-d16836d50417
pingvigame,d55afffc-9414-33d9-a1c6-ad4bc1dd042f
